[
    {
        "id": "1",
        "name": "Nonsense Cup #1",
        "problems": [
            "1",
            "2",
            "3",
            "4",
            "5"
        ],
        "scoring": [
            "100",
            "200",
            "300",
            "400",
            "550"
        ],
        "start_time": "1728953950",
        "duration": "180",
        "description": "For the first contest on IanOJ, introducing the Nonsense Cup! You will be given 5 problems with strange and nonsensical premises and expectations. Will you beat the nonsense?",
        "participants": {
            "ian": [
                1
            ]
        },
        "organisers": [
            "ian"
        ]
    }
]