{
    "LniadF9ZQc7JHlltVDSTnVi5Sv78OvQi6kHXaDwsv0w": "ian",
    "z_erB6gLJJTh-EV4v5craR2B_fHvwkhimZPU49l0Tv4": "ian",
    "oaVUxpyWJ-HbWvMdWzg6RqGm7QjsqP4eISx94574by8": "test",
    "LJ6gje5777bOWWOHM19c_ijCxnXRnSUkW-iw5oYHLFs": "ageo",
    "q07KPSRDwLihyxUj_BwpRR1rIuQaCZTob9YbEsw7kz0": "ian",
    "Sz1NG-lEz8Jfm_NyNHAe8-c0UL-mJSJyXQbwb7YCyw8": "ian",
    "igSzX624ha35AeNrfVbRFA4YixEXSMtGhSVjm-II9lM": "ian",
    "ZuxsWPI1LC89-BcRYuNGtHtiP-xinuTzRPt36-zoG7A": "ian",
    "JEqMvVmlYRmHVXKsg1Cku9XqxYbCQklAuUlhK1UxCZc": "ian",
    "YWFTbVpvVOF3Vi8ijZHmlicwirj98q9AQRsquSJs8CM": "ian",
    "4WqOJW7UoZnK13NL6fkaBXtdgufGgzQDnNN99fQTpfI": "ian",
    "rS1haCuDumuEH5a3xSxtc26X2t8QQV408Pciv1aPZoU": "ian",
    "5mdSlCMBWFNXLwzxDn1Z6-s9m8vqhXVvPNNqTemF95E": "ian",
    "u8rCAI7H4f8IZ7JTEJZRdyk7SoR_lWYuzilICQ-0YLg": "ian",
    "ExDF2VzNI_Hy-AeShKer_bP0ZvVBNqKG1u7jiCXMR-w": "ian",
    "tr91p3a0D1hik-Lpi2NPWXaXmIX2q0wZgUS6383mqdc": "ian",
    "Cd0Bu656UOFdfLbDbSHD8GuOgZP5lFJSjkvA77D6MTg": "ian",
    "hK8BLEq_ubqL_eFaWQE7Y2cGPyg9hN4GOTjZRv6wClI": "ian",
    "Xlij0Scv9uuimYINzB7V2hN6Scx0l8Us0Rx0SH0xmWo": "ian",
    "Srj5DCsYvhhNQfvlomXq77JqiU9HnWCl_HsU8a8UcPs": "ian",
    "wSdga84BfqYkklmGpTh-U1YbUTio5FofPSV76ZOKdAA": "ian",
    "4j7ovRHvaKrGBN-U8R2eNSpkk__PUOEYPhLvvHSD7rk": "ian",
    "Zhn_Ul0C-nV8zo1bWhkJ90Vzb1owRAPPMQsAhm16NJQ": "ian",
    "yVor9kj2-SoVf3TIQ1DrGEQ5dO-u_rEVbtNChyvp4uI": "ian",
    "gToUGVcHc2biaNJYv5ofJcWUr4R9rEplaZl3Lxnl3pc": "ian",
    "AKZeQ8nqiJZP7a0NWjHPEA5mjv1tLAx4eKLW9faRqaM": "ian",
    "jFwVS85dnietS107CNmDdD6FiFUHnOYlY5xO43Vv6UM": "ian",
    "demzlQfDA4riVU_8RRn9Io4GbVd7gtpp4sJY-NrJs1U": "ian",
    "I0mMzIDsZHhT4gd-zplEU3diy1KQwwijBN7lrTX0uIg": "ian",
    "xiYdATkE5hYe1idy3umYbUwYBPgpXG3tqqPrvEwvZJ4": "ianaigyeoma",
    "za1H631IYSHGUzorqPwqODJTdgO62y8MMO7DZQBxkAA": "ian",
    "2ETi5bfPGP0J2vilf0y9Lkmq2xladAVzln85dE42SAE": "ian",
    "VlhSz0aECdoAg3d304h42cqFKeYHdsm-YtoMupVQUqY": "ian",
    "4_DaCAJbcpRia0AypPkfBQ8otr680oVePe0JKTxd_uY": "ian",
    "y0smVyf5DAZs8B1xGeWxmPbgijlJYIrz6ryvMYoF07g": "ian",
    "zbNiKFvFj2paWsmKEZyMqLwzkwopHEL2-PHO1DBqLwM": "ian"
}