[
    {
        "id": 26,
        "name": "ian",
        "problem_id": "1",
        "source": "print(sum(map(int,input().split())))",
        "verdict": "Accepted"
    },
    {
        "id": 27,
        "name": "ian",
        "problem_id": "1",
        "source": "ertgklerghkr",
        "verdict": "Wrong answer"
    },
    {
        "id": 28,
        "name": "ian",
        "problem_id": "1",
        "source": "print(sum(map(int,input().split())))",
        "verdict": "Accepted"
    },
    {
        "id": 29,
        "name": "ian",
        "problem_id": "1",
        "source": "print(sum(map(int,input().split())))",
        "verdict": "Accepted"
    },
    {
        "id": 30,
        "name": "ian",
        "problem_id": "1",
        "source": "e",
        "verdict": "Wrong answer"
    },
    {
        "id": 31,
        "name": "test",
        "problem_id": "1",
        "source": "print(map(int,input().split()))",
        "verdict": "Wrong answer"
    },
    {
        "id": 32,
        "name": "test",
        "problem_id": "1",
        "source": "print(sum(map(int,input().split())))",
        "verdict": "Accepted"
    },
    {
        "id": 33,
        "name": "ian",
        "problem_id": "1",
        "source": "print(sum(map,input().split()))",
        "verdict": "Wrong answer"
    },
    {
        "id": 34,
        "name": "ian",
        "problem_id": "1",
        "source": "print(sum(map(int,input().split())))",
        "verdict": "Accepted"
    },
    {
        "id": 35,
        "name": "ian",
        "problem_id": "1",
        "source": "# Write your code here",
        "verdict": "Wrong answer"
    },
    {
        "id": 36,
        "name": "ian",
        "problem_id": "4",
        "source": "print((sum(map(int,input().split()))-1)**3)",
        "verdict": "Wrong answer"
    },
    {
        "id": 37,
        "name": "ian",
        "problem_id": "1",
        "source": "print(map(int,input().split()))",
        "verdict": "Wrong answer"
    },
    {
        "id": 38,
        "name": "ian",
        "problem_id": "1",
        "source": "print(sum(map(int,input().split())))",
        "verdict": "Accepted"
    },
    {
        "id": 39,
        "name": "ian",
        "problem_id": "4",
        "source": "print((sum(map(int,input().split()))-1)**3)",
        "verdict": "Wrong answer"
    },
    {
        "id": 40,
        "name": "ian",
        "problem_id": "4",
        "source": "print((sum(map(int,input().split()))-1)**3)",
        "verdict": "Wrong answer (test case 19.)"
    },
    {
        "id": 41,
        "name": "ian",
        "problem_id": "4",
        "source": "print((sum(map(int,input().split()))-1)**2)",
        "verdict": "Wrong answer (test case 19)"
    },
    {
        "id": 42,
        "name": "ian",
        "problem_id": "4",
        "source": "print(a)",
        "verdict": "Wrong answer (test case 19)"
    },
    {
        "id": 43,
        "name": "ian",
        "problem_id": "4",
        "source": "print(a)",
        "verdict": "Wrong answer (test case 19)"
    },
    {
        "id": 44,
        "name": "ian",
        "problem_id": "4",
        "source": "print(a)",
        "verdict": "Wrong answer (test case 19)"
    },
    {
        "id": 45,
        "name": "ian",
        "problem_id": "4",
        "source": "print(a)",
        "verdict": "Wrong answer (test case 19)"
    },
    {
        "id": 46,
        "name": "ian",
        "problem_id": "4",
        "source": "print(a)",
        "verdict": "Wrong answer (test case 14)"
    },
    {
        "id": 47,
        "name": "ian",
        "problem_id": "4",
        "source": "\r\n            if i.endswith(\".in\"):\r\n                continue",
        "verdict": "Wrong answer (test case 14)"
    },
    {
        "id": 48,
        "name": "ian",
        "problem_id": "4",
        "source": "print((sum(map(int,input().split()))-1)**3)",
        "verdict": "Wrong answer (test case 14)"
    },
    {
        "id": 49,
        "name": "ian",
        "problem_id": "4",
        "source": "print((sum(map(int,input().split()))-1)**3)",
        "verdict": "Wrong answer (test case 14)"
    },
    {
        "id": 50,
        "name": "ian",
        "problem_id": "4",
        "source": "print((sum(map(int,input().split()))-1)**3)",
        "verdict": "Wrong answer (test case 14)"
    },
    {
        "id": 51,
        "name": "ian",
        "problem_id": "4",
        "source": "print((sum(map(int,input().split()))-1)**3)",
        "verdict": "Wrong answer (test case 14)"
    },
    {
        "id": 52,
        "name": "ian",
        "problem_id": "1",
        "source": "print(sum(map(int,input().split())))",
        "verdict": "Accepted"
    },
    {
        "id": 53,
        "name": "ian",
        "problem_id": "1",
        "source": "print(sum(map(int,input().split())))",
        "verdict": "Wrong answer (test case ge)"
    },
    {
        "id": 54,
        "name": "ian",
        "problem_id": "1",
        "source": "print(sum(map(int,input().split())))",
        "verdict": "Accepted"
    },
    {
        "id": 55,
        "name": "ian",
        "problem_id": "4",
        "source": "print((sum(map(int,input().split()))-1)**3)",
        "verdict": "Wrong answer (test case 14)"
    },
    {
        "id": 56,
        "name": "ian",
        "problem_id": "4",
        "source": "print((sum(map(int,input().split()))-1)**3)",
        "verdict": "Wrong answer (test case 14)"
    },
    {
        "id": 57,
        "name": "ian",
        "problem_id": "4",
        "source": "print((sum(map(int,input().split()))-1)**3)",
        "verdict": "Wrong answer (test case 14)"
    },
    {
        "id": 58,
        "name": "ian",
        "problem_id": "4",
        "source": "print((sum(map(int,input().split()))-1)**3)",
        "verdict": "Wrong answer (test case 14)"
    },
    {
        "id": 59,
        "name": "ian",
        "problem_id": "4",
        "source": "print((sum(map(int,input().split()))-1)**3)",
        "verdict": "Accepted"
    },
    {
        "id": 60,
        "name": "ian",
        "problem_id": "1",
        "source": "print(sum(map(int,input().split())))",
        "verdict": "Wrong answer (test case 2)"
    },
    {
        "id": 61,
        "name": "ian",
        "problem_id": "1",
        "source": "print(sum(map(int,input().split())))",
        "verdict": "Accepted"
    },
    {
        "id": 62,
        "name": "ian",
        "problem_id": "31",
        "source": "v,n=map(int,input().split())\r\nprint(v//n)",
        "verdict": "Wrong answer (test case 14)"
    },
    {
        "id": 63,
        "name": "ian",
        "problem_id": "31",
        "source": "v=int(input())\r\nn=int(input())\r\nprint(v//n)",
        "verdict": "Accepted"
    },
    {
        "id": 64,
        "name": "ian",
        "problem_id": "31",
        "source": "v=map(int,input().split())\r\nprint(v//n)",
        "verdict": "Wrong answer (test case 1)"
    },
    {
        "id": 65,
        "name": "ian",
        "problem_id": "31",
        "source": "print(v//n)",
        "verdict": "Wrong answer (test case 1)"
    },
    {
        "id": 66,
        "name": "ian",
        "problem_id": "32",
        "source": "n = int(input())\r\nm = int(input())\r\n\r\na = [*map(int,input().split())]\r\n\r\nprint(sum(range(1,n+1))-sum(a))",
        "verdict": "Wrong answer (test case 3)"
    },
    {
        "id": 67,
        "name": "ian",
        "problem_id": "32",
        "source": "n = int(input())\r\nm = int(input())\r\n\r\na = [*map(int,input().split())]\r\n\r\nprint(sum(range(1,n+1))-sum(a))",
        "verdict": "Accepted"
    },
    {
        "id": 68,
        "name": "ian",
        "problem_id": "32",
        "source": "n = int(input())\r\nm = int(input())\r\n\r\na = [*map(int,input().split())]\r\n\r\nprint(sum(range(1,n+1))-sum(a)+1)",
        "verdict": "Wrong answer (test case 1)"
    },
    {
        "id": 69,
        "name": "ian",
        "problem_id": "4",
        "source": "a,b,c=map(int,input().split())\r\nprint((a+b+c-1)**3)",
        "verdict": "Accepted"
    },
    {
        "id": 70,
        "name": "ian",
        "problem_id": "4",
        "source": "a,b,c=map(int,input().split())\r\nprint((a+b+c-1)**2)",
        "verdict": "Wrong answer (test case 1)"
    },
    {
        "id": 71,
        "name": "ian",
        "problem_id": "31",
        "source": "v = int(input())\r\nn = int(input())\r\nprint(v//n)",
        "verdict": "Accepted"
    },
    {
        "id": 72,
        "name": "ian",
        "problem_id": "20",
        "source": "print(\"I bet you didn't expect me to be here. :) hehehehaw.\")",
        "verdict": "Accepted"
    },
    {
        "id": 73,
        "name": "ian",
        "problem_id": "20",
        "source": "print(\"I bet you didn't expect me to be herde. :) hehehehaw.\")",
        "verdict": "Wrong answer (test case 1)"
    },
    {
        "id": 74,
        "name": "ian",
        "problem_id": "18",
        "source": "print(\"you like jazz\")",
        "verdict": "Wrong answer (test case 2)"
    },
    {
        "id": 75,
        "name": "ian",
        "problem_id": "31",
        "source": "print(\"hi\")",
        "verdict": "Wrong answer (test case 1)"
    },
    {
        "id": 76,
        "name": "ian",
        "problem_id": "31",
        "source": "for i in range(10**9):print(i)",
        "verdict": "Time limit exceeded (test case 1)"
    },
    {
        "id": 78,
        "name": "ian",
        "problem_id": "31",
        "source": "for i in range(10**9):print(i)",
        "verdict": "Time limit exceeded (test case 1)"
    },
    {
        "id": 79,
        "name": "ian",
        "problem_id": "31",
        "source": "for i in range(10**3):print(i)",
        "verdict": "Wrong answer (test case 1)"
    },
    {
        "id": 80,
        "name": "ian",
        "problem_id": "18",
        "source": "for i in range(10000000000):print(i)",
        "verdict": "Time limit exceeded (test case 1)"
    },
    {
        "id": 81,
        "name": "ian",
        "problem_id": "18",
        "source": "print(\"reiaogjeiorgj\")",
        "verdict": "Wrong answer (test case 1)"
    },
    {
        "id": 82,
        "name": "ian",
        "problem_id": "33",
        "source": "import math\r\n\r\na=int(input())\r\nb=int(input())\r\n\r\nprint(int(round(math.sqrt((a*9.81)/math.sin(2*b*math.pi/180)))))",
        "verdict": "Accepted"
    },
    {
        "id": 83,
        "name": "ian",
        "problem_id": "1",
        "source": "print(sum(map(int,input().split())))",
        "verdict": "Accepted",
        "time": "190"
    },
    {
        "id": 84,
        "name": "ian",
        "problem_id": "1",
        "source": "print(sum(map(int,input().split())))",
        "verdict": "Accepted",
        "time": "95"
    },
    {
        "id": 85,
        "name": "ian",
        "problem_id": "1",
        "source": "print(sum(map(int,input().split())))",
        "verdict": "Accepted",
        "time": "18"
    },
    {
        "id": 86,
        "name": "ian",
        "problem_id": "35",
        "source": "s = input()\r\nans = 0\r\nmax_jump = 1\r\ncnt = 0\r\nlast_i = False\r\nfor i in s:\r\n    if i == '1':\r\n        cnt += 1\r\n        if cnt > max_jump:\r\n            break\r\n        last_i = True\r\n    if i == '0':\r\n        if cnt == max_jump:\r\n            max_jump += 1\r\n        ans += cnt\r\n        cnt = 0\r\n        last_i = False\r\nprint(ans)",
        "verdict": "Accepted",
        "time": "18"
    },
    {
        "id": 87,
        "name": "ian",
        "problem_id": "18",
        "source": "s = input()\r\na, b = input().split()\r\nkey = abs(ord(b)-ord(a))\r\nidx = \"abcdefghijklmnopqrstuvwxyzabcdefghijklmnopqrstuvwxyz\"\r\n\r\n\r\nfor i in s:\r\n\tif i == ' ':\r\n\t\tprint(end=' ')\r\n\t\tcontinue\r\n\tprint(idx[idx.index(i)+key], end='')",
        "verdict": "Wrong answer (test case 2)",
        "time": "20"
    },
    {
        "id": 88,
        "name": "ian",
        "problem_id": "18",
        "source": "s = input()\r\na, b = input().split()\r\n\r\nidx = \"abcdefghijklmnopqrstuvwxyzabcdefghijklmnopqrstuvwxyz\"\r\n# if idx.index(a) < idx.index(b):\r\n\t# temp = a\r\n\t# a = b\r\n\t# b = temp\r\n\r\nkey = idx.index(b)-idx.index(a)\r\n\r\nfor i in s:\r\n\tif i == ' ':\r\n\t\tprint(end=' ')\r\n\t\tcontinue\r\n\tprint(end=idx[idx.index(i)+key])",
        "verdict": "Wrong answer (test case 2)",
        "time": "19"
    },
    {
        "id": 89,
        "name": "ian",
        "problem_id": "18",
        "source": "s = input()\r\na, b = input().split()\r\n\r\nidx = \"abcdefghijklmnopqrstuvwxyzabcdefghijklmnopqrstuvwxyz\"\r\n\r\nkey = idx.index(b)-idx.index(a)\r\n\r\nfor i in s:\r\n\tif i == ' ':\r\n\t\tprint(end=' ')\r\n\t\tcontinue\r\n\tprint(end=idx[idx.index(i)+key])",
        "verdict": "Wrong answer (test case 2)",
        "time": "18"
    },
    {
        "id": 90,
        "name": "ian",
        "problem_id": "33",
        "source": "print(\"false\")",
        "verdict": "Wrong answer (test case 1)",
        "time": "12"
    },
    {
        "id": 91,
        "name": "ian",
        "problem_id": "1",
        "source": "print(sum(map,input().split()))",
        "verdict": "Wrong answer (test case 1)",
        "time": "20"
    },
    {
        "id": 92,
        "name": "ian",
        "problem_id": "1",
        "source": "print(sum(map(int,input().split())))",
        "verdict": "Accepted",
        "time": "19"
    },
    {
        "id": 94,
        "name": "ian",
        "problem_id": "4",
        "source": "a,b,c=map(int,input().split())\r\nprint((a+b+c-1)**3)",
        "verdict": "Accepted",
        "time": "19"
    },
    {
        "id": 95,
        "name": "ian",
        "problem_id": "4",
        "source": "a,b,c=map(int,input().split())\r\nprint((a+b+c-1)**3)",
        "verdict": "Accepted",
        "time": "19"
    },
    {
        "id": 96,
        "name": "ian",
        "problem_id": "4",
        "source": "a,b,c=map(int,input().split())\r\nprint((a+b+c-1)**3)",
        "verdict": "Accepted",
        "time": "18"
    },
    {
        "id": 98,
        "name": "ian",
        "problem_id": "18",
        "source": "s = input()\r\na, b = input().split()\r\n\r\nidx = \"abcdefghijklmnopqrstuvwxyzabcdefghijklmnopqrstuvwxyz\"\r\n\r\nkey = idx.index(b)-idx.index(a)\r\n\r\nfor i in s:\r\n\tif i == ' ':\r\n\t\tprint(end=' ')\r\n\t\tcontinue\r\n\tprint(end=idx[idx.index(i)+key])",
        "verdict": "Accepted",
        "time": "18"
    },
    {
        "id": 99,
        "name": "ian",
        "problem_id": "33",
        "source": "a=input()\r\nb=input()\r\nprint(int(round(math.sqrt((a*9.81)/math.sin(2*b*math.pi/180)))))",
        "verdict": "Wrong answer (test case 1)",
        "time": "19"
    },
    {
        "id": 100,
        "name": "ian",
        "problem_id": "33",
        "source": "import math\r\n\r\na=int(input())\r\nb=int(input())\r\nprint(int(round(math.sqrt((a*9.81)/math.sin(2*b*math.pi/180)))))",
        "verdict": "Accepted",
        "time": "19"
    },
    {
        "id": 102,
        "name": "ian",
        "problem_id": "27",
        "source": "print(\"a\")",
        "verdict": "Wrong answer (test case 1)",
        "time": "20"
    },
    {
        "id": 103,
        "name": "ian",
        "problem_id": "27",
        "source": "print(\"five hundred pound coin\")",
        "verdict": "Wrong answer (test case 1)",
        "time": "20"
    },
    {
        "id": 105,
        "name": "ian",
        "problem_id": "27",
        "source": "print(\"fivehundredpoundcoin\")",
        "verdict": "Accepted",
        "time": "20"
    },
    {
        "id": 106,
        "name": "ian",
        "problem_id": "35",
        "source": "ans = 0\r\nmax_jump = 1\r\ncnt = 0\r\nlast_i = False\r\nfor i in input():\r\n    if i == '1':\r\n        cnt += 1\r\n        if cnt > max_jump:\r\n            break\r\n        last_i = True\r\n    if i == '0':\r\n        if cnt == max_jump:\r\n            max_jump += 1\r\n        ans += cnt\r\n        cnt = 0\r\n        last_i = False\r\nprint(ans)",
        "verdict": "Accepted",
        "time": "19"
    },
    {
        "id": 107,
        "name": "testing",
        "problem_id": "29",
        "source": "C1_uez5WX1o",
        "verdict": "Wrong answer (test case 1)",
        "time": "20"
    },
    {
        "id": 108,
        "name": "testing",
        "problem_id": "29",
        "source": "print(\"C1_uez5WX1o\")",
        "verdict": "Accepted",
        "time": "21"
    },
    {
        "id": 109,
        "name": "ian",
        "problem_id": "29",
        "source": "print(\"C1_uez5WX1o\")",
        "verdict": "Accepted",
        "time": "20"
    },
    {
        "id": 110,
        "name": "ian",
        "problem_id": "27",
        "source": "print(\"fivehundredpoundcoin\")",
        "verdict": "Accepted",
        "time": "20"
    },
    {
        "id": 111,
        "name": "ianaigyeoma",
        "problem_id": "27",
        "source": "print(\"fivehundredpoundcoin\")",
        "verdict": "Accepted",
        "time": "20"
    },
    {
        "id": 112,
        "name": "ianaigyeoma",
        "problem_id": "29",
        "source": "print(\"dQw4w9WgXcQ\")",
        "verdict": "Wrong answer (test case 1)",
        "time": "20"
    },
    {
        "id": 113,
        "name": "ianaigyeoma",
        "problem_id": "29",
        "source": "print(\"C1_uez5WX1o\")",
        "verdict": "Accepted",
        "time": "20"
    },
    {
        "id": 114,
        "name": "ian",
        "problem_id": "32",
        "source": "for i in range(948359034609868):\r\n    print(\"a\")",
        "verdict": "Time limit exceeded (test case 1)",
        "time": "?"
    }
]