{
  "type": "minecraft:stonecutting",
  "category": "blocks",
  "group": "mini_blocks",
  "ingredient": {
    "item": "minecraft:crimson_planks"
  },
  "result": {
    "id": "minecraft:player_head",
    "count": 8,
    "components": {
      "minecraft:profile": {
        "properties": [
          {
            "name": "textures",
            "value": "eyJ0ZXh0dXJlcyI6eyJTS0lOIjp7InVybCI6Imh0dHA6Ly90ZXh0dXJlcy5taW5lY3JhZnQubmV0L3RleHR1cmUvZjlhYWIyZTE3NWE3ZTc3ZTM2NTVmNzY5MmQxYzY1MTczMTZiYTM3ODNiNWQ1ZmM1OWIzNDk1NGZmNmJhNjY1MyJ9fX0="
          }
        ]
      },
      "minecraft:item_name": "\"Mini Crimson Planks\"",
      "minecraft:rarity": "common"
    }
  }
}
