{
  "type": "minecraft:stonecutting",
  "category": "blocks",
  "group": "mini_blocks",
  "ingredient": {
    "item": "minecraft:deepslate_lapis_ore"
  },
  "result": {
    "id": "minecraft:player_head",
    "count": 8,
    "components": {
      "minecraft:profile": {
        "properties": [
          {
            "name": "textures",
            "value": "eyJ0ZXh0dXJlcyI6eyJTS0lOIjp7InVybCI6Imh0dHA6Ly90ZXh0dXJlcy5taW5lY3JhZnQubmV0L3RleHR1cmUvYTU1ZWZjOWMzNzlhYzMzYWVjOTA1MWU4OTk5ZTdmNDgzNzE1NTEwYjM3NGYyYmUyY2QzNTc4MjFmZjg0MDYzMyJ9fX0="
          }
        ]
      },
      "minecraft:item_name": "\"Mini Deepslate Lapis Lazuli Ore\"",
      "minecraft:rarity": "common"
    }
  }
}
