{
  "type": "minecraft:stonecutting",
  "category": "blocks",
  "group": "mini_blocks",
  "ingredient": {
    "item": "minecraft:emerald_ore"
  },
  "result": {
    "id": "minecraft:player_head",
    "count": 8,
    "components": {
      "minecraft:profile": {
        "properties": [
          {
            "name": "textures",
            "value": "eyJ0ZXh0dXJlcyI6eyJTS0lOIjp7InVybCI6Imh0dHA6Ly90ZXh0dXJlcy5taW5lY3JhZnQubmV0L3RleHR1cmUvYmI0NTQ4MmE4Y2FlNjk0NmViZTUxMTUxNjc3MGQxMDE4MjA0ZmRjNDgyYmY3OTQyYjQxNzUyNjYxMWExYzBiNSJ9fX0="
          }
        ]
      },
      "minecraft:item_name": "\"Mini Emerald Ore\"",
      "minecraft:rarity": "common"
    }
  }
}
