{
  "type": "minecraft:stonecutting",
  "category": "blocks",
  "group": "mini_blocks",
  "ingredient": {
    "item": "minecraft:light_blue_concrete"
  },
  "result": {
    "id": "minecraft:player_head",
    "count": 8,
    "components": {
      "minecraft:profile": {
        "properties": [
          {
            "name": "textures",
            "value": "eyJ0ZXh0dXJlcyI6eyJTS0lOIjp7InVybCI6Imh0dHA6Ly90ZXh0dXJlcy5taW5lY3JhZnQubmV0L3RleHR1cmUvZjQ3N2Y0NDM4OTM2MmM0Yzc2NGM4NDdhOTczOWJjNzhjMzI0NjdlYWI0ZTM4MzBhZTRjOGJlYWMzNDQyZWY5In19fQ=="
          }
        ]
      },
      "minecraft:item_name": "\"Mini Light Blue Concrete\"",
      "minecraft:rarity": "common"
    }
  }
}
