{
  "type": "minecraft:stonecutting",
  "category": "blocks",
  "group": "mini_blocks",
  "ingredient": {
    "item": "minecraft:obsidian"
  },
  "result": {
    "id": "minecraft:player_head",
    "count": 8,
    "components": {
      "minecraft:profile": {
        "properties": [
          {
            "name": "textures",
            "value": "eyJ0ZXh0dXJlcyI6eyJTS0lOIjp7InVybCI6Imh0dHA6Ly90ZXh0dXJlcy5taW5lY3JhZnQubmV0L3RleHR1cmUvODRjMzA4NTVmODliNDkwYzZmZjIzMmRmM2QzZWM3NDMzYWI2MzYxMGE5YTk1N2M4OGE2Y2Q0MzI3YjA2YTQ5ZSJ9fX0="
          }
        ]
      },
      "minecraft:item_name": "\"Mini Obsidian\"",
      "minecraft:rarity": "common"
    }
  }
}
