{
  "type": "minecraft:stonecutting",
  "category": "blocks",
  "group": "mini_blocks",
  "ingredient": {
    "item": "minecraft:red_nether_bricks"
  },
  "result": {
    "id": "minecraft:player_head",
    "count": 8,
    "components": {
      "minecraft:profile": {
        "properties": [
          {
            "name": "textures",
            "value": "eyJ0ZXh0dXJlcyI6eyJTS0lOIjp7InVybCI6Imh0dHA6Ly90ZXh0dXJlcy5taW5lY3JhZnQubmV0L3RleHR1cmUvZDc3Njk5ZWZkNGI5NzBhMGQxYzY1YWVmYmNiY2U4ZDNiZWJhODhmMWJlYzI5YmZhODY0NTA4OGY2YjI1YmM2MSJ9fX0="
          }
        ]
      },
      "minecraft:item_name": "\"Mini Red Nether Bricks\"",
      "minecraft:rarity": "common"
    }
  }
}
