{
  "type": "minecraft:stonecutting",
  "category": "blocks",
  "group": "mini_blocks",
  "ingredient": {
    "item": "minecraft:red_sandstone"
  },
  "result": {
    "id": "minecraft:player_head",
    "count": 8,
    "components": {
      "minecraft:profile": {
        "properties": [
          {
            "name": "textures",
            "value": "eyJ0ZXh0dXJlcyI6eyJTS0lOIjp7InVybCI6Imh0dHA6Ly90ZXh0dXJlcy5taW5lY3JhZnQubmV0L3RleHR1cmUvYmFmZTdiNjg4ZmU0NTU4YzI0M2VlOTVlMDdjMmVlYzYwNjA2MTI5NzFhMzk1NDJmY2Y3N2ZlMzJhMmZkZWE4YyJ9fX0="
          }
        ]
      },
      "minecraft:item_name": "\"Mini Red Sandstone\"",
      "minecraft:rarity": "common"
    }
  }
}
