{
  "type": "minecraft:stonecutting",
  "category": "blocks",
  "group": "mini_blocks",
  "ingredient": {
    "item": "minecraft:white_wool"
  },
  "result": {
    "id": "minecraft:player_head",
    "count": 8,
    "components": {
      "minecraft:profile": {
        "properties": [
          {
            "name": "textures",
            "value": "eyJ0ZXh0dXJlcyI6eyJTS0lOIjp7InVybCI6Imh0dHA6Ly90ZXh0dXJlcy5taW5lY3JhZnQubmV0L3RleHR1cmUvODMxYTg3MDE0OTNjMDQ2MjdiMWYwYzQ5OWY0YWE3MGUyMjg2NzI5ODJlMTRmMTM1Y2NmMmU4ZjYzZDEyYTYxYyJ9fX0="
          }
        ]
      },
      "minecraft:item_name": "\"Mini Wool\"",
      "minecraft:rarity": "common"
    }
  }
}
